<?xml version="1.0" encoding="utf-8"?>
<noticias>
	<foto>
		<idx>1</idx>
		<imagem>imagens/universidade_coimbra/afonso_costa.jpg</imagem>
		<descr>Afonso Costa</descr>
		<creditos></creditos>
		<link></link>
	</foto>
	<foto>
		<idx>2</idx>
		<imagem>imagens/universidade_coimbra/antonio_jose_almeida.jpg</imagem>
		<descr>António José d'Almeida</descr>
		<creditos></creditos>
		<link></link>
	</foto>
	<foto>
		<idx>3</idx>
		<imagem>imagens/universidade_coimbra/bernardino_machado.jpg</imagem>
		<descr>Bernardino Machado</descr>
		<creditos></creditos>
		<link></link>
	</foto>
	<foto>
		<idx>4</idx>
		<imagem>imagens/universidade_coimbra/manoel_arriaga.jpg</imagem>
		<descr>Manoel d'Arriaga</descr>
		<creditos></creditos>
		<link></link>
	</foto>
	<foto>
		<idx>5</idx>
		<imagem>imagens/universidade_coimbra/sidonio_pais.jpg</imagem>
		<descr>Sidónio Pais</descr>
		<creditos></creditos>
		<link></link>
	</foto>
</noticias>