<?xml version="1.0" encoding="utf-8"?>
<artigo>
	<foto>
		<idx>2</idx>
		<imagem>imagens/dmanuel2_img2.jpg</imagem>
		<descr>Rei D. Manuel II</descr>
		<creditos></creditos>
	</foto>
	<foto>
		<idx>3</idx>
		<imagem>imagens/dmanuel2_img3.jpg</imagem>
		<descr>Rei D. Manuel II</descr>
		<creditos></creditos>
	</foto>
	<foto>
		<idx>4</idx>
		<imagem>imagens/dmanuel2_img4.jpg</imagem>
		<descr>Rei D. Manuel II</descr>
		<creditos></creditos>
	</foto>
	<foto>
		<idx>5</idx>
		<imagem>imagens/dmanuel2_img5.jpg</imagem>
		<descr>Rei D. Manuel II</descr>
		<creditos></creditos>
	</foto>
	<foto>
		<idx>6</idx>
		<imagem>imagens/dmanuel2_img6.jpg</imagem>
		<descr>Rei D. Manuel II</descr>
		<creditos>Autor 1</creditos>
		<creditos></creditos>
	</foto>
	<foto>
		<idx>7</idx>
		<imagem>imagens/dmanuel2_img7.jpg</imagem>
		<descr>Rei D. Manuel II</descr>
		<creditos></creditos>
	</foto>
</artigo>