<?xml version="1.0" encoding="utf-8"?>
<data>
	<entry>
		<id>1</id>
		<type>1</type>
		<file>img1.jpg</file>
		<width>474</width>
		<height>356</height>
		<location>cinema</location>
		<title>Cinema</title>
		<text></text>
		<link>2</link>
	</entry>
	<entry>
		<id>2</id>
		<type>1</type>
		<file>img2.jpg</file>
		<width>474</width>
		<height>356</height>
		<location>cinema</location>
		<title>Cinema</title>
		<text></text>
		<link>2</link>
	</entry>
	<entry>
		<id>3</id>
		<type>1</type>
		<file>img3.jpg</file>
		<width>474</width>
		<height>356</height>
		<location>cinema</location>
		<title>Cinema</title>
		<text></text>
		<link>2</link>
	</entry>
	<entry>
		<id>4</id>
		<type>1</type>
		<file>img4.jpg</file>
		<width>474</width>
		<height>356</height>
		<location>cinema</location>
		<title>Cinema</title>
		<text></text>
		<link>2</link>
	</entry>
	<entry>
		<id>5</id>
		<type>1</type>
		<file>img5.jpg</file>
		<width>474</width>
		<height>356</height>
		<location>cinema</location>
		<title>Cinema</title>
		<text></text>
		<link>2</link>
	</entry>
	<entry>
		<id>6</id>
		<type>1</type>
		<file>img6.jpg</file>
		<width>474</width>
		<height>356</height>
		<location>cinema</location>
		<title>Cinema</title>
		<text></text>
		<link>2</link>
	</entry>
	<entry>
		<id>7</id>
		<type>1</type>
		<file>img7.jpg</file>
		<width>474</width>
		<height>356</height>
		<location>cinema</location>
		<title>Cinema</title>
		<text></text>
		<link>2</link>
	</entry>
	<entry>
		<id>8</id>
		<type>1</type>
		<file>img8.jpg</file>
		<width>474</width>
		<height>356</height>
		<location>cinema</location>
		<title>Cinema</title>
		<text></text>
		<link>2</link>
	</entry>
	<entry>
		<id>9</id>
		<type>1</type>
		<file>img9.jpg</file>
		<width>474</width>
		<height>356</height>
		<location>cinema</location>
		<title>Cinema</title>
		<text></text>
		<link>2</link>
	</entry>
	<entry>
		<id>10</id>
		<type>1</type>
		<file>img10.jpg</file>
		<width>474</width>
		<height>356</height>
		<location>cinema</location>
		<title>Cinema</title>
		<text></text>
		<link>2</link>
	</entry>
</data>