﻿<?xml version="1.0" encoding="utf-8"?>
<artigos>
	<foto>
		<idx>1</idx>
		<imagem>imagens/escudo_img2.jpg</imagem>
		<descr>Moeda de um escudo, de 1910</descr>
		<creditos></creditos>
	</foto>
	<foto>
		<idx>2</idx>
		<imagem>imagens/escudo_img5.jpg</imagem>
		<descr>Moeda de 10 centavos, de 1915</descr>
		<creditos></creditos>
	</foto>
	<foto>
		<idx>3</idx>
		<imagem>imagens/escudo_img1.jpg</imagem>
		<descr>Moeda de um escudo, de 1915</descr>
		<creditos></creditos>
	</foto>
		<foto>
		<idx>4</idx>
		<imagem>imagens/escudo_img3.jpg</imagem>
		<descr>Moeda de cinco escudos, de 1932</descr>
		<creditos></creditos>
	</foto>
<foto>
		<idx>5</idx>
		<imagem>imagens/escudo_img4.jpg</imagem>
		<descr>Moeda de cinco escudos, de 1964</descr>
		<creditos></creditos>
	</foto>
</artigos>