<?xml version="1.0" encoding="utf-8"?>
<artigos>
	<foto>
		<idx>1</idx>
		<imagem>imagens/simbolos_img1.jpg</imagem>
		<descr>Simbolos da República</descr>
		<creditos></creditos>
	</foto>
	<foto>
		<idx>2</idx>
		<imagem>imagens/simbolos_img2.jpg</imagem>
		<descr>Símbolos da República</descr>
		<creditos></creditos>
	</foto>
	<foto>
		<idx>3</idx>
		<imagem>imagens/simbolos_img3.jpg</imagem>
		<descr>Símbolos da República</descr>
		<creditos></creditos>
	</foto>
	<foto>
		<idx>4</idx>
		<imagem>imagens/simbolos_img4.jpg</imagem>
		<descr>Símbolos da República</descr>
		<creditos></creditos>
	</foto>
	<foto>
		<idx>5</idx>
		<imagem>imagens/simbolos_img5.jpg</imagem>
		<descr>Símbolos da República</descr>
		<creditos></creditos>
	</foto>
	<foto>
		<idx>6</idx>
		<imagem>imagens/simbolos_img6.jpg</imagem>
		<descr>Símbolos da República</descr>
		<creditos></creditos>
	</foto>
	<foto>
		<idx>7</idx>
		<imagem>imagens/simbolos_img7.jpg</imagem>
		<descr>Símbolos da República</descr>
		<creditos></creditos>
	</foto>
	<foto>
		<idx>8</idx>
		<imagem>imagens/simbolos_img8.jpg</imagem>
		<descr>Símbolos da República</descr>
		<creditos></creditos>
	</foto>
</artigos>