﻿<?xml version="1.0" encoding="utf-8" ?>
<data>
	<evento>
		<link>http://www.centenariorepublica.pt/conteudo/conferenciaibericaeslavas</link>
		<dia>13 a 15 de Maio</dia>
		<titulo>IV Conferência Internacional Culturas Ibéricas e Eslavas em Intercâmbio e Comparação</titulo>
	</evento>
	<evento>
		<link>http://www.centenariorepublica.pt/conteudo/coloquiomuseusrepublica</link>
		<dia>19 a 20 de Maio</dia>
		<titulo>Colóquio: Os Museus e a República</titulo>
	</evento>
	<evento>
		<link>http://www.centenariorepublica.pt/conteudo/pensararepublica</link>
		<dia>19 a 20 de Maio</dia>
		<titulo>Pensar a República 1910/2010 - Ciclo de encontros temáticos</titulo>
	</evento>
	<evento>
		<link>http://www.centenariorepublica.pt/conteudo/colóquio-literatura-portuguesa-e-construção-do-passado-e-do-futuro-0</link>
		<dia>24, 25 e 26 Maio</dia>
		<titulo>Colóquio: Literatura Portuguesa e a Construção do Passado e do Futuro</titulo>
	</evento>
</data>